label,signal,phase_proxy,tau_estimate,ferrous_index,conductivity_response,depth_m,signal_depth_ratio,nonferrous_score,soil_magnetic_susceptibility,soil_electrical_conductivity,soil_moisture,soil_salinity,soil_iron_oxide,soil_noise,soil_difficulty,sample_1,sample_2,sample_3,sample_4,sample_5,sample_6,sample_7,sample_8,decay_area,decay_slope,early_late_ratio,snr_norm,sweep_quality,signal_stability,mixed_ratio,ground_balance_error,coil_height_norm,emi_noise,electronics_noise,battery_norm,pulse_width_norm,pulse_current_norm,blanking_time_norm
Ground Noise,0.003900,-17.413347,0.350824,0.197500,0.223000,0.049105,0.015657,0.178958,0.300000,0.320000,0.380000,0.060000,0.250000,0.030000,0.263800,0.002774,0.002295,0.002325,0.001944,0.001524,0.001016,0.000762,0.000361,0.001625,0.002413,0.095858,0.003622,0.502769,0.485360,0.000000,0.000000,0.488079,0.018754,0.025983,0.975301,0.533333,0.560000,0.312500
Aluminum,0.020022,31.750000,0.488009,0.050000,0.650000,1.635014,0.010911,0.617500,0.450000,0.750000,0.820000,0.100000,0.350000,0.052000,0.463800,0.011649,0.010960,0.010752,0.010144,0.008664,0.006913,0.004967,0.002691,0.008343,0.008958,0.372448,0.019178,0.460258,0.719248,0.000000,0.004935,0.475042,0.010000,0.010000,0.878007,0.533333,0.560000,0.312500
Steel,0.023072,-12.810000,0.472153,0.750000,0.480000,1.531240,0.013327,0.120000,0.450000,0.750000,0.820000,0.100000,0.350000,0.052000,0.463800,0.014067,0.013525,0.012453,0.011372,0.009430,0.007612,0.005353,0.003094,0.009613,0.010973,0.439770,0.022099,0.590570,0.898287,0.000000,0.006418,0.269224,0.010000,0.010000,0.827479,0.533333,0.560000,0.312500
Mixed Target,0.689073,-13.860000,0.436918,0.750000,0.480000,0.909176,0.621248,0.120000,0.300000,0.320000,0.380000,0.060000,0.250000,0.030000,0.263800,0.432544,0.410121,0.379986,0.340195,0.287139,0.217405,0.145319,0.084202,0.287114,0.348342,2.342576,0.574246,0.998930,0.252120,0.629255,0.285486,0.610227,0.032306,0.022691,0.507089,0.533333,0.560000,0.312500
Aluminum,0.099796,30.560000,0.593232,0.050000,0.650000,1.132006,0.074921,0.617500,0.280000,0.820000,0.700000,0.780000,0.200000,0.060000,0.551600,0.057064,0.054625,0.051810,0.048310,0.043007,0.034758,0.025981,0.017097,0.041581,0.039967,1.069762,0.087540,0.800001,0.824505,0.000000,0.037629,0.423847,0.010000,0.010000,0.921370,0.533333,0.560000,0.312500
Iron,0.032713,-27.140000,0.377554,0.950000,0.350000,1.883297,0.015703,0.017500,0.780000,0.600000,0.360000,0.100000,0.780000,0.064000,0.619200,0.021714,0.019975,0.018694,0.016303,0.013414,0.009655,0.006020,0.003268,0.013630,0.018446,0.642764,0.027536,0.755576,0.585865,0.000000,0.009075,0.341570,0.010000,0.010000,0.944584,0.533333,0.560000,0.312500
Copper,0.114640,49.060000,0.901702,0.020000,1.000000,0.080875,0.408152,0.980000,0.300000,0.320000,0.380000,0.060000,0.250000,0.030000,0.263800,0.059459,0.057907,0.056211,0.053597,0.049248,0.043566,0.035239,0.026906,0.047767,0.032553,0.960521,0.146974,0.474964,0.857670,0.000000,0.046152,0.456153,0.010000,0.010000,0.727364,0.533333,0.560000,0.312500
Steel,0.053860,-10.500000,0.445431,0.750000,0.480000,0.195527,0.136173,0.120000,0.780000,0.600000,0.360000,0.100000,0.780000,0.064000,0.619200,0.033489,0.031816,0.030145,0.026566,0.022497,0.016809,0.011484,0.006726,0.022442,0.026763,0.867579,0.045337,0.881287,0.542981,0.000000,0.017775,0.296099,0.010000,0.010000,0.837513,0.533333,0.560000,0.312500
Iron,0.080894,-31.760000,0.348434,0.950000,0.350000,0.947496,0.070496,0.017500,0.120000,0.120000,0.180000,0.030000,0.100000,0.018000,0.119400,0.054842,0.051054,0.046366,0.040605,0.032731,0.023193,0.013812,0.007046,0.033706,0.047796,1.278970,0.127192,0.974521,0.933241,0.000000,0.032992,0.434846,0.010000,0.010000,0.822401,0.533333,0.560000,0.312500
Mixed Target,0.654293,11.920000,0.685833,0.390000,0.630000,0.813592,0.645519,0.384300,0.280000,0.820000,0.700000,0.780000,0.200000,0.060000,0.551600,0.361419,0.350078,0.333994,0.311521,0.280247,0.234590,0.181704,0.127423,0.272622,0.233996,1.689773,0.410765,0.953293,0.471098,0.794013,0.268656,0.554432,0.043049,0.014689,0.946538,0.533333,0.560000,0.312500
Steel,0.077726,-14.000000,0.456170,0.750000,0.480000,0.875108,0.072296,0.120000,0.280000,0.820000,0.700000,0.780000,0.200000,0.060000,0.551600,0.047927,0.045869,0.042421,0.038451,0.032489,0.024892,0.017042,0.009997,0.032386,0.037930,1.073153,0.068181,0.915288,0.528518,0.000000,0.028396,0.415724,0.010000,0.010000,0.762799,0.533333,0.560000,0.312500
Unknown,0.003678,46.882206,0.219245,0.013209,0.359189,0.410034,0.006029,0.354444,0.300000,0.320000,0.380000,0.060000,0.250000,0.030000,0.263800,0.002608,0.001905,0.002227,0.002100,0.001592,0.001192,0.000567,0.000068,0.001532,0.002540,0.087729,0.002949,0.699600,0.684759,0.481320,0.000000,0.768083,0.047010,0.011913,0.588565,0.533333,0.560000,0.312500
Iron,0.054697,-27.140000,0.362417,0.950000,0.350000,1.464531,0.032860,0.017500,0.780000,0.600000,0.360000,0.100000,0.780000,0.064000,0.619200,0.036241,0.035151,0.030369,0.027592,0.021956,0.015943,0.010031,0.005040,0.022790,0.031202,0.959885,0.046041,0.600197,0.644801,0.000000,0.018187,0.545030,0.010000,0.010000,0.732239,0.533333,0.560000,0.312500
Unknown,0.011475,-27.967072,0.470281,0.793134,1.047062,1.653874,0.006190,0.216602,0.780000,0.600000,0.360000,0.100000,0.780000,0.064000,0.619200,0.007193,0.005593,0.006427,0.005839,0.004335,0.003815,0.003474,0.001573,0.004781,0.005621,0.229112,0.007766,0.741843,0.413404,0.398969,0.000000,0.628301,0.015303,0.028833,0.993927,0.533333,0.560000,0.312500
Unknown,0.009216,8.546958,0.572966,0.662779,0.561974,1.939742,0.004307,0.189510,0.280000,0.820000,0.700000,0.780000,0.200000,0.060000,0.551600,0.005301,0.004825,0.004866,0.003997,0.004483,0.003003,0.002723,0.001522,0.003840,0.003779,0.182287,0.005542,0.352525,0.320104,0.032958,0.000000,0.729153,0.036504,0.027072,0.880713,0.533333,0.560000,0.312500
Iron,0.140611,-29.450000,0.357104,0.950000,0.350000,0.222685,0.332660,0.017500,0.450000,0.750000,0.820000,0.100000,0.350000,0.052000,0.463800,0.094365,0.088158,0.080807,0.070503,0.057227,0.040035,0.024865,0.012743,0.058588,0.081622,1.725134,0.134685,0.860587,0.455767,0.000000,0.055149,0.234279,0.010000,0.010000,0.976073,0.533333,0.560000,0.312500
Iron,0.577179,-31.760000,0.351252,0.950000,0.350000,0.265184,1.240754,0.017500,0.120000,0.120000,0.180000,0.030000,0.100000,0.018000,0.119400,0.388911,0.364591,0.331565,0.288693,0.233986,0.165293,0.100096,0.050794,0.240491,0.338117,2.773807,0.907514,0.517273,0.872341,0.000000,0.239839,0.328637,0.010000,0.010000,0.970888,0.533333,0.560000,0.312500
Steel,0.161081,-13.860000,0.433391,0.750000,0.480000,1.256421,0.110600,0.120000,0.300000,0.320000,0.380000,0.060000,0.250000,0.030000,0.263800,0.101228,0.096406,0.089027,0.079308,0.067022,0.050551,0.033948,0.019445,0.067117,0.081783,1.601952,0.206513,0.528494,0.542799,0.000000,0.065450,0.461700,0.010000,0.010000,0.710831,0.533333,0.560000,0.312500
Brass,0.045168,37.840000,0.751995,0.030000,0.780000,1.864217,0.021881,0.756600,0.280000,0.820000,0.700000,0.780000,0.200000,0.060000,0.551600,0.024441,0.023381,0.023084,0.021190,0.019492,0.016392,0.013134,0.009445,0.018820,0.014996,0.622137,0.039621,0.474543,0.750191,0.000000,0.014932,0.340898,0.010000,0.010000,0.773519,0.533333,0.560000,0.312500
Copper,0.120846,47.800000,0.944053,0.020000,1.000000,1.136167,0.090443,0.980000,0.120000,0.120000,0.180000,0.030000,0.100000,0.018000,0.119400,0.062285,0.061082,0.058915,0.055974,0.051921,0.045643,0.037797,0.029205,0.050353,0.033080,0.971421,0.190010,0.644579,0.690538,0.000000,0.049580,0.487536,0.010000,0.010000,0.741318,0.533333,0.560000,0.312500
Ground Noise,0.003933,-9.449220,0.327194,0.197500,0.223000,0.192278,0.010025,0.178958,0.300000,0.320000,0.380000,0.060000,0.250000,0.030000,0.263800,0.002432,0.002628,0.002139,0.001788,0.001778,0.001280,0.000791,0.000274,0.001639,0.002159,0.093078,0.004165,0.677027,0.835687,0.000000,0.000000,0.304195,0.016448,0.017235,0.719869,0.533333,0.560000,0.312500
Ground Noise,0.011118,-8.307294,0.501147,0.546000,0.415000,0.056117,0.043410,0.188410,0.780000,0.600000,0.360000,0.100000,0.780000,0.064000,0.619200,0.005867,0.007330,0.006154,0.005511,0.004267,0.004089,0.002434,0.001409,0.004632,0.004458,0.233330,0.006969,0.727257,0.653596,0.000000,0.000000,0.321062,0.037808,0.016146,0.646548,0.533333,0.560000,0.312500
Ground Noise,0.001659,17.962542,0.307474,0.079000,0.085500,0.043623,0.006808,0.078745,0.120000,0.120000,0.180000,0.030000,0.100000,0.018000,0.119400,0.001299,0.001045,0.001133,0.000703,0.000742,0.000322,0.000156,0.000127,0.000691,0.001172,0.045994,0.001949,0.364018,0.727502,0.000000,0.000000,0.300655,0.020280,0.017640,0.794607,0.533333,0.560000,0.312500
Copper,0.108555,50.110000,0.891508,0.020000,1.000000,1.115806,0.082501,0.980000,0.450000,0.750000,0.820000,0.100000,0.350000,0.052000,0.463800,0.056459,0.055579,0.052742,0.050576,0.046902,0.040992,0.033281,0.025318,0.045231,0.031141,0.943810,0.103980,0.687595,0.484359,0.000000,0.041919,0.520148,0.010000,0.010000,0.964655,0.533333,0.560000,0.312500
Ground Noise,0.011573,-14.901235,0.501253,0.546000,0.415000,0.160488,0.032105,0.188410,0.780000,0.600000,0.360000,0.100000,0.780000,0.064000,0.619200,0.006605,0.006660,0.007015,0.005525,0.004485,0.004622,0.002079,0.001586,0.004822,0.005019,0.243499,0.007515,0.876569,0.485108,0.000000,0.000000,0.531418,0.033037,0.016307,0.891289,0.533333,0.560000,0.312500
Ground Noise,0.034930,20.094773,0.408626,0.607000,0.241000,0.083072,0.123397,0.094713,0.860000,0.340000,0.280000,0.080000,0.880000,0.066000,0.605600,0.020251,0.020663,0.022354,0.016457,0.014354,0.011063,0.007771,0.003520,0.014554,0.016731,0.649880,0.019373,0.420136,0.806601,0.000000,0.000000,0.244064,0.048607,0.020643,0.756734,0.533333,0.560000,0.312500
Copper,0.035370,49.060000,0.858054,0.020000,1.000000,0.826894,0.034444,0.980000,0.300000,0.320000,0.380000,0.060000,0.250000,0.030000,0.263800,0.018339,0.018360,0.017511,0.016728,0.015128,0.013161,0.010703,0.007970,0.014738,0.010368,0.507416,0.045346,0.579230,0.504172,0.000000,0.013210,0.399069,0.010000,0.010000,0.970995,0.533333,0.560000,0.312500
Ground Noise,0.001755,18.763389,0.281876,0.079000,0.085500,0.268823,0.003744,0.078745,0.120000,0.120000,0.180000,0.030000,0.100000,0.018000,0.119400,0.001358,0.001182,0.001035,0.000869,0.000410,0.000508,0.000381,0.000107,0.000731,0.001250,0.047043,0.001622,0.323938,0.531276,0.000000,0.000000,0.741776,0.029304,0.027905,0.605111,0.533333,0.560000,0.312500
Mixed Target,0.891744,3.740000,0.662455,0.490000,0.565000,0.791546,0.899347,0.288150,0.300000,0.320000,0.380000,0.060000,0.250000,0.030000,0.263800,0.498789,0.482258,0.458197,0.425088,0.380540,0.315868,0.242237,0.169502,0.371560,0.329287,1.793212,0.688797,0.715756,0.929580,0.627319,0.369949,0.715806,0.040417,0.022469,0.905170,0.533333,0.560000,0.312500
Unknown,0.007211,36.164152,0.442387,0.625994,1.087197,2.181911,0.003027,0.406619,0.450000,0.750000,0.820000,0.100000,0.350000,0.052000,0.463800,0.004760,0.004287,0.004126,0.003331,0.002901,0.001988,0.001698,0.000946,0.003005,0.003814,0.165427,0.006602,0.788700,0.695170,0.293416,0.000000,0.640546,0.007214,0.016810,0.691700,0.533333,0.560000,0.312500
Unknown,0.007794,-10.951196,0.504095,0.453755,0.618657,0.323108,0.014900,0.337939,0.450000,0.750000,0.820000,0.100000,0.350000,0.052000,0.463800,0.005104,0.004513,0.004147,0.003632,0.003009,0.002407,0.001934,0.001236,0.003248,0.003868,0.170820,0.005622,0.777423,0.358389,0.581505,0.000000,0.573379,0.025607,0.022930,0.590874,0.533333,0.560000,0.312500
Mixed Target,0.686240,47.800000,0.956032,0.020000,1.000000,1.108640,0.524392,0.980000,0.120000,0.120000,0.180000,0.030000,0.100000,0.018000,0.119400,0.351956,0.344740,0.333948,0.318086,0.295428,0.260826,0.215879,0.166605,0.285933,0.185351,1.434818,0.985683,0.893120,0.748120,0.599276,0.285190,0.779262,0.011657,0.013360,0.640506,0.533333,0.560000,0.312500
Steel,0.194455,-15.120000,0.438295,0.750000,0.480000,0.366755,0.343103,0.120000,0.120000,0.120000,0.180000,0.030000,0.100000,0.018000,0.119400,0.121998,0.115937,0.107281,0.095761,0.080902,0.061403,0.041031,0.023872,0.081023,0.098127,1.714884,0.305748,0.640054,0.709405,0.000000,0.080294,0.328756,0.010000,0.010000,0.914278,0.533333,0.560000,0.312500
Steel,0.175382,-12.810000,0.437793,0.750000,0.480000,0.756155,0.183424,0.120000,0.450000,0.750000,0.820000,0.100000,0.350000,0.052000,0.463800,0.110134,0.104104,0.097067,0.086461,0.073203,0.055217,0.036911,0.021510,0.073076,0.088624,1.650276,0.167991,0.644323,0.694027,0.000000,0.069910,0.493668,0.010000,0.010000,0.702240,0.533333,0.560000,0.312500
Ground Noise,0.009353,20.275121,0.710317,0.176000,0.728000,0.252593,0.020665,0.599872,0.280000,0.820000,0.700000,0.780000,0.200000,0.060000,0.551600,0.005156,0.005239,0.004649,0.004214,0.003862,0.003645,0.002526,0.001884,0.003897,0.003272,0.181138,0.005701,0.476888,0.587255,0.000000,0.000000,0.652865,0.033799,0.027921,0.554041,0.533333,0.560000,0.312500
Brass,0.030841,37.980000,0.679194,0.030000,0.780000,1.172041,0.022478,0.756600,0.300000,0.320000,0.380000,0.060000,0.250000,0.030000,0.263800,0.017114,0.016596,0.015392,0.015005,0.013254,0.011062,0.008408,0.005973,0.012851,0.011141,0.488852,0.039540,0.820199,0.574509,0.000000,0.011296,0.427840,0.010000,0.010000,0.861593,0.533333,0.560000,0.312500
Mixed Target,0.575191,-18.820000,0.388911,0.850000,0.415000,0.677549,0.655452,0.062250,0.780000,0.600000,0.360000,0.100000,0.780000,0.064000,0.619200,0.374761,0.353386,0.324614,0.286652,0.235939,0.173094,0.109248,0.059610,0.239663,0.315151,2.524899,0.375126,0.385622,0.245400,0.796495,0.234760,0.644651,0.039655,0.009122,0.738747,0.533333,0.560000,0.312500
Iron,0.077934,-29.450000,0.355968,0.950000,0.350000,0.707098,0.085916,0.017500,0.450000,0.750000,0.820000,0.100000,0.350000,0.052000,0.463800,0.052068,0.048653,0.044570,0.039617,0.031460,0.022573,0.013852,0.006986,0.032472,0.045082,1.226995,0.074649,0.624800,0.713831,0.000000,0.029281,0.383703,0.010000,0.010000,0.798110,0.533333,0.560000,0.312500
Mixed Target,0.349906,-30.500000,0.349014,0.950000,0.350000,1.349130,0.225873,0.017500,0.300000,0.320000,0.380000,0.060000,0.250000,0.030000,0.263800,0.236195,0.221093,0.201302,0.175140,0.141816,0.100231,0.060128,0.030448,0.145794,0.205747,2.477699,0.300855,0.660186,0.543819,0.582559,0.144214,0.625906,0.025577,0.026343,0.890996,0.533333,0.560000,0.312500
Brass,0.152471,39.030000,0.750859,0.030000,0.780000,0.892879,0.139513,0.756600,0.450000,0.750000,0.820000,0.100000,0.350000,0.052000,0.463800,0.082102,0.079921,0.076987,0.071626,0.065705,0.056078,0.044136,0.031681,0.063530,0.050421,1.155224,0.146045,0.881179,0.860381,0.000000,0.060195,0.480016,0.010000,0.010000,0.858229,0.533333,0.560000,0.312500
Copper,0.114084,50.110000,0.908404,0.020000,1.000000,1.180715,0.082627,0.980000,0.450000,0.750000,0.820000,0.100000,0.350000,0.052000,0.463800,0.058837,0.058567,0.055722,0.053331,0.048818,0.042908,0.035317,0.026781,0.047535,0.032056,0.961781,0.109276,0.517313,0.602814,0.000000,0.044103,0.264241,0.010000,0.010000,0.768802,0.533333,0.560000,0.312500
Iron,0.051350,-31.760000,0.352986,0.950000,0.350000,0.693410,0.057477,0.017500,0.120000,0.120000,0.180000,0.030000,0.100000,0.018000,0.119400,0.034636,0.032434,0.029466,0.025637,0.020857,0.014846,0.008723,0.004569,0.021396,0.030066,0.935981,0.080739,0.745936,0.608181,0.000000,0.020744,0.270789,0.010000,0.010000,0.893439,0.533333,0.560000,0.312500
Aluminum,0.070666,30.700000,0.576409,0.050000,0.650000,0.697032,0.078777,0.617500,0.300000,0.320000,0.380000,0.060000,0.250000,0.030000,0.263800,0.040493,0.039246,0.037515,0.034335,0.030133,0.024300,0.017817,0.011713,0.029444,0.028780,0.910149,0.090597,0.868034,0.965932,0.000000,0.027769,0.378953,0.010000,0.010000,0.972840,0.533333,0.560000,0.312500
Copper,0.109068,49.060000,0.902424,0.020000,1.000000,1.405628,0.067929,0.980000,0.300000,0.320000,0.380000,0.060000,0.250000,0.030000,0.263800,0.056638,0.055517,0.053214,0.050949,0.046801,0.040863,0.033932,0.025646,0.045445,0.030993,0.942595,0.139831,0.454427,0.476374,0.000000,0.043853,0.349828,0.010000,0.010000,0.746989,0.533333,0.560000,0.312500
Brass,0.038983,41.340000,0.679961,0.030000,0.780000,1.477448,0.023240,0.756600,0.780000,0.600000,0.360000,0.100000,0.780000,0.064000,0.619200,0.021878,0.021307,0.020238,0.018019,0.017002,0.013260,0.010597,0.007644,0.016243,0.014234,0.595510,0.032814,0.804022,0.681721,0.000000,0.011433,0.484676,0.010000,0.010000,0.965976,0.533333,0.560000,0.312500
Iron,0.130133,-26.580000,0.380546,0.950000,0.350000,1.188653,0.093712,0.017500,0.860000,0.340000,0.280000,0.080000,0.880000,0.066000,0.605600,0.085156,0.081465,0.075901,0.062350,0.053898,0.037642,0.024358,0.013009,0.054222,0.072147,1.616717,0.107371,0.794669,0.701238,0.000000,0.039731,0.377557,0.010000,0.010000,0.978839,0.533333,0.560000,0.312500
Aluminum,0.205303,29.440000,0.591751,0.050000,0.650000,0.931879,0.181382,0.617500,0.120000,0.120000,0.180000,0.030000,0.100000,0.018000,0.119400,0.116754,0.113086,0.107406,0.099165,0.088177,0.071750,0.053129,0.034876,0.085543,0.081878,1.436591,0.322803,0.541664,0.558265,0.000000,0.084835,0.369011,0.010000,0.010000,0.725935,0.533333,0.560000,0.312500
Brass,0.042131,36.720000,0.740481,0.030000,0.780000,1.593910,0.023486,0.756600,0.120000,0.120000,0.180000,0.030000,0.100000,0.018000,0.119400,0.022780,0.022218,0.021242,0.020160,0.018125,0.015324,0.011915,0.008674,0.017555,0.014106,0.597227,0.066244,0.835654,0.611314,0.000000,0.016871,0.307509,0.010000,0.010000,0.800277,0.533333,0.560000,0.312500
Ground Noise,0.007997,11.220378,0.482424,0.290000,0.512500,0.279266,0.016687,0.363875,0.450000,0.750000,0.820000,0.100000,0.350000,0.052000,0.463800,0.004352,0.004835,0.003836,0.003986,0.003825,0.002783,0.002052,0.000989,0.003332,0.003363,0.161125,0.004855,0.529885,0.983489,0.000000,0.000000,0.406544,0.047043,0.023214,0.773657,0.533333,0.560000,0.312500
Ground Noise,0.007594,23.412228,0.407635,0.290000,0.512500,0.009438,0.036261,0.363875,0.450000,0.750000,0.820000,0.100000,0.350000,0.052000,0.463800,0.004470,0.004169,0.003900,0.003997,0.003696,0.003030,0.001279,0.000774,0.003164,0.003696,0.156579,0.005182,0.868367,0.905734,0.000000,0.000000,0.707708,0.034009,0.021120,0.644607,0.533333,0.560000,0.312500
Aluminum,0.030155,31.750000,0.546951,0.050000,0.650000,0.679975,0.034268,0.617500,0.450000,0.750000,0.820000,0.100000,0.350000,0.052000,0.463800,0.017057,0.017427,0.016022,0.014319,0.013010,0.010533,0.007536,0.004615,0.012565,0.012442,0.517032,0.028884,0.691568,0.802829,0.000000,0.009226,0.505114,0.010000,0.010000,0.718933,0.533333,0.560000,0.312500
Steel,0.209388,-10.500000,0.437572,0.750000,0.480000,0.210578,0.509983,0.120000,0.780000,0.600000,0.360000,0.100000,0.780000,0.064000,0.619200,0.131680,0.124770,0.115610,0.103146,0.086500,0.066280,0.044278,0.025697,0.087245,0.105983,1.761192,0.176253,0.911603,0.692584,0.000000,0.082529,0.489293,0.010000,0.010000,0.938719,0.533333,0.560000,0.312500
Aluminum,0.045563,30.560000,0.613582,0.050000,0.650000,1.066570,0.035973,0.617500,0.280000,0.820000,0.700000,0.780000,0.200000,0.060000,0.551600,0.026201,0.024629,0.023436,0.021859,0.019739,0.016135,0.011707,0.008170,0.018984,0.018030,0.668986,0.039967,0.998625,0.536513,0.000000,0.015314,0.391741,0.010000,0.010000,0.812198,0.533333,0.560000,0.312500
Unknown,0.007320,-29.082540,0.631339,0.229971,1.075389,0.737733,0.007807,0.828081,0.450000,0.750000,0.820000,0.100000,0.350000,0.052000,0.463800,0.003868,0.004760,0.003793,0.003814,0.003170,0.002149,0.001601,0.001246,0.003050,0.002622,0.155270,0.005554,0.869352,0.587376,0.015860,0.000000,0.533427,0.034518,0.008315,0.934460,0.533333,0.560000,0.312500
Brass,0.410269,41.900000,0.729914,0.030000,0.780000,0.645423,0.485283,0.756600,0.860000,0.340000,0.280000,0.080000,0.880000,0.066000,0.605600,0.223556,0.216158,0.205714,0.194198,0.177039,0.150241,0.116719,0.083939,0.170946,0.139617,1.515452,0.338506,0.953836,0.592541,0.000000,0.155997,0.449836,0.010000,0.010000,0.828639,0.533333,0.560000,0.312500
Copper,0.065181,49.060000,0.870796,0.020000,1.000000,1.800677,0.032580,0.980000,0.300000,0.320000,0.380000,0.060000,0.250000,0.030000,0.263800,0.034264,0.033048,0.032154,0.030584,0.027801,0.024409,0.019936,0.015075,0.027159,0.019190,0.739964,0.083566,0.919494,0.785669,0.000000,0.025586,0.496986,0.010000,0.010000,0.984240,0.533333,0.560000,0.312500
Iron,0.346293,-30.500000,0.351313,0.950000,0.350000,0.438218,0.542594,0.017500,0.300000,0.320000,0.380000,0.060000,0.250000,0.030000,0.263800,0.233530,0.218805,0.199223,0.173214,0.140363,0.099114,0.059550,0.030511,0.144289,0.203019,2.466390,0.443966,0.573559,0.982360,0.000000,0.142700,0.294132,0.010000,0.010000,0.747554,0.533333,0.560000,0.312500
Steel,0.014180,-15.120000,0.438646,0.750000,0.480000,1.893397,0.006773,0.120000,0.120000,0.120000,0.180000,0.030000,0.100000,0.018000,0.119400,0.008969,0.008339,0.007938,0.007228,0.005899,0.004416,0.002720,0.001757,0.005908,0.007212,0.300926,0.022295,0.517864,0.472082,0.000000,0.005249,0.498350,0.010000,0.010000,0.732669,0.533333,0.560000,0.312500
Iron,0.021149,-30.500000,0.351692,0.950000,0.350000,1.154522,0.015614,0.017500,0.300000,0.320000,0.380000,0.060000,0.250000,0.030000,0.263800,0.014083,0.013213,0.012330,0.010699,0.008567,0.006078,0.003684,0.001844,0.008812,0.012239,0.457541,0.027115,0.500522,0.744122,0.000000,0.007291,0.307858,0.010000,0.010000,0.991560,0.533333,0.560000,0.312500
Iron,0.051102,-30.500000,0.348206,0.950000,0.350000,1.451722,0.030938,0.017500,0.300000,0.320000,0.380000,0.060000,0.250000,0.030000,0.263800,0.034548,0.032073,0.029404,0.025428,0.020629,0.014810,0.009013,0.004433,0.021292,0.030116,0.929968,0.065515,0.675743,0.613044,0.000000,0.019661,0.326774,0.010000,0.010000,0.750446,0.533333,0.560000,0.312500
Steel,0.099595,-9.940000,0.488973,0.750000,0.480000,1.445366,0.060531,0.120000,0.860000,0.340000,0.280000,0.080000,0.880000,0.066000,0.605600,0.061357,0.058590,0.053539,0.048605,0.043373,0.030289,0.022014,0.014217,0.041498,0.047140,1.225879,0.082174,0.724275,0.462234,0.000000,0.026721,0.521168,0.010000,0.010000,0.952382,0.533333,0.560000,0.312500
Brass,0.034476,39.030000,0.677000,0.030000,0.780000,1.478868,0.020535,0.756600,0.450000,0.750000,0.820000,0.100000,0.350000,0.052000,0.463800,0.018911,0.018114,0.017915,0.016846,0.014573,0.012300,0.009682,0.006577,0.014365,0.012334,0.530522,0.033023,0.964284,0.813842,0.000000,0.011112,0.249370,0.010000,0.010000,0.843462,0.533333,0.560000,0.312500
Mixed Target,0.515442,3.460000,0.505364,0.500000,0.500000,0.876990,0.478595,0.250000,0.780000,0.600000,0.360000,0.100000,0.780000,0.064000,0.619200,0.308923,0.295919,0.276291,0.251884,0.218015,0.171764,0.120286,0.075059,0.214768,0.233864,1.993022,0.345276,0.690182,0.696904,0.984914,0.209995,0.706351,0.019185,0.026218,0.668717,0.533333,0.560000,0.312500
Aluminum,0.047393,34.060000,0.549188,0.050000,0.650000,1.762666,0.024147,0.617500,0.780000,0.600000,0.360000,0.100000,0.780000,0.064000,0.619200,0.027106,0.026937,0.024850,0.023343,0.020472,0.015976,0.011919,0.007373,0.019747,0.019733,0.715464,0.039893,0.578665,0.903639,0.000000,0.015169,0.395219,0.010000,0.010000,0.858271,0.533333,0.560000,0.312500
Mixed Target,1.000000,41.900000,0.757797,0.030000,0.780000,0.644297,1.184417,0.756600,0.860000,0.340000,0.280000,0.080000,0.880000,0.066000,0.605600,0.549250,0.533010,0.511583,0.481973,0.440391,0.374269,0.296089,0.213798,0.425045,0.335453,1.661715,0.532811,0.833396,0.507391,0.824588,0.411028,0.646016,0.046399,0.029004,0.789922,0.533333,0.560000,0.312500
Unknown,0.036974,-38.048777,0.485637,0.597545,0.238695,1.719788,0.019259,0.096064,0.860000,0.340000,0.280000,0.080000,0.880000,0.066000,0.605600,0.020526,0.021166,0.023131,0.019063,0.015771,0.010880,0.008000,0.004709,0.015406,0.015817,0.657509,0.022527,0.914416,0.874563,0.313248,0.000000,0.221548,0.029127,0.026651,0.590103,0.533333,0.560000,0.312500
Aluminum,0.329841,34.620000,0.569618,0.050000,0.650000,0.659930,0.383567,0.617500,0.860000,0.340000,0.280000,0.080000,0.880000,0.066000,0.605600,0.188911,0.180248,0.175107,0.160009,0.143428,0.115381,0.082544,0.053842,0.137434,0.135069,1.665614,0.272146,0.891828,0.977555,0.000000,0.123388,0.272054,0.010000,0.010000,0.885328,0.533333,0.560000,0.312500
Copper,0.162508,49.060000,0.924957,0.020000,1.000000,0.193548,0.412932,0.980000,0.300000,0.320000,0.380000,0.060000,0.250000,0.030000,0.263800,0.083816,0.082235,0.079316,0.075587,0.070073,0.061273,0.050704,0.038691,0.067712,0.045125,1.087294,0.208344,0.538433,0.617152,0.000000,0.066221,0.463677,0.010000,0.010000,0.887281,0.533333,0.560000,0.312500
Aluminum,0.046303,30.560000,0.608598,0.050000,0.650000,0.339773,0.085782,0.617500,0.280000,0.820000,0.700000,0.780000,0.200000,0.060000,0.551600,0.026312,0.025444,0.024115,0.022370,0.019823,0.016380,0.011772,0.008127,0.019293,0.018185,0.681801,0.040616,0.561413,0.747123,0.000000,0.015335,0.234767,0.010000,0.010000,0.794550,0.533333,0.560000,0.312500
Unknown,0.033038,-22.889034,0.558187,0.542039,0.522186,0.964337,0.028375,0.239140,0.860000,0.340000,0.280000,0.080000,0.880000,0.066000,0.605600,0.019749,0.017691,0.019566,0.017600,0.014263,0.009326,0.006446,0.005486,0.013766,0.014263,0.592223,0.025394,0.423721,0.869782,0.019718,0.000000,0.259182,0.008407,0.019011,0.698252,0.533333,0.560000,0.312500
Copper,0.093391,48.920000,0.915874,0.020000,1.000000,1.142325,0.069574,0.980000,0.280000,0.820000,0.700000,0.780000,0.200000,0.060000,0.551600,0.048175,0.047513,0.045829,0.043705,0.040038,0.035152,0.028821,0.022069,0.038913,0.026106,0.878763,0.081922,0.485184,0.977591,0.000000,0.034938,0.363273,0.010000,0.010000,0.909767,0.533333,0.560000,0.312500
Copper,0.154081,50.110000,0.908039,0.020000,1.000000,1.311005,0.101973,0.980000,0.450000,0.750000,0.820000,0.100000,0.350000,0.052000,0.463800,0.080184,0.077410,0.075192,0.071608,0.066821,0.057986,0.047917,0.036485,0.064200,0.043699,1.070826,0.147587,0.629665,0.637416,0.000000,0.061135,0.326663,0.010000,0.010000,0.712732,0.533333,0.560000,0.312500
Unknown,0.039031,12.154195,0.470032,0.230594,0.806228,2.079911,0.017119,0.620317,0.860000,0.340000,0.280000,0.080000,0.880000,0.066000,0.605600,0.024274,0.023771,0.022949,0.018514,0.014766,0.011703,0.008823,0.005303,0.016263,0.018971,0.704109,0.029260,0.896357,0.737123,0.047948,0.000000,0.693649,0.017769,0.012392,0.663518,0.533333,0.560000,0.312500
Ground Noise,0.001705,-16.234121,0.294188,0.079000,0.085500,0.169882,0.004611,0.078745,0.120000,0.120000,0.180000,0.030000,0.100000,0.018000,0.119400,0.001221,0.001153,0.000899,0.001055,0.000664,0.000244,0.000342,0.000107,0.000711,0.001114,0.043231,0.002029,0.596090,0.954616,0.000000,0.000000,0.269075,0.027155,0.009877,0.595317,0.533333,0.560000,0.312500
Aluminum,0.018287,30.560000,0.552408,0.050000,0.650000,1.230189,0.012787,0.617500,0.280000,0.820000,0.700000,0.780000,0.200000,0.060000,0.551600,0.011143,0.009638,0.009456,0.009279,0.007151,0.006275,0.004962,0.003054,0.007620,0.008089,0.338631,0.016042,0.862138,0.673688,0.000000,0.003714,0.487548,0.010000,0.010000,0.855077,0.533333,0.560000,0.312500
Brass,0.116351,41.900000,0.618997,0.030000,0.780000,0.324736,0.221733,0.756600,0.860000,0.340000,0.280000,0.080000,0.880000,0.066000,0.605600,0.064794,0.060309,0.061958,0.058813,0.050005,0.041301,0.030244,0.020412,0.048480,0.044382,1.120417,0.095999,0.576848,0.660791,0.000000,0.033342,0.347864,0.010000,0.010000,0.988979,0.533333,0.560000,0.312500
Unknown,0.011323,41.067641,0.338617,0.661880,1.009675,0.914006,0.010164,0.341391,0.780000,0.600000,0.360000,0.100000,0.780000,0.064000,0.619200,0.007795,0.007330,0.005785,0.006072,0.003966,0.003843,0.002010,0.000944,0.004718,0.006851,0.255627,0.007311,0.817052,0.935454,0.274541,0.000000,0.427335,0.029459,0.020605,0.561925,0.533333,0.560000,0.312500
Aluminum,0.135125,34.060000,0.575235,0.050000,0.650000,1.025686,0.110244,0.617500,0.780000,0.600000,0.360000,0.100000,0.780000,0.064000,0.619200,0.077462,0.075333,0.070796,0.065696,0.057368,0.046757,0.034654,0.022350,0.056302,0.055112,1.250785,0.113741,0.517652,0.756927,0.000000,0.051892,0.263983,0.010000,0.010000,0.943800,0.533333,0.560000,0.312500
Ground Noise,0.001773,17.258875,0.274113,0.079000,0.085500,0.256467,0.003884,0.078745,0.120000,0.120000,0.180000,0.030000,0.100000,0.018000,0.119400,0.001358,0.001055,0.001045,0.000899,0.000713,0.000479,0.000361,0.000000,0.000739,0.001358,0.045594,0.002209,0.754602,0.313532,0.000000,0.000000,0.271432,0.008962,0.024926,0.586386,0.533333,0.560000,0.312500
Copper,0.063072,52.980000,0.700660,0.020000,1.000000,0.951365,0.054781,0.980000,0.860000,0.340000,0.280000,0.080000,0.880000,0.066000,0.605600,0.034227,0.034973,0.033934,0.031054,0.025228,0.021815,0.016673,0.012336,0.026280,0.021891,0.819668,0.052040,0.905226,0.560832,0.000000,0.011794,0.526416,0.010000,0.010000,0.820323,0.533333,0.560000,0.312500
Ground Noise,0.003930,-3.109834,0.304306,0.197500,0.223000,0.099239,0.013132,0.178958,0.300000,0.320000,0.380000,0.060000,0.250000,0.030000,0.263800,0.002764,0.002393,0.002256,0.001885,0.001651,0.000938,0.000947,0.000264,0.001637,0.002501,0.096099,0.003771,0.709067,0.595136,0.000000,0.000000,0.378360,0.014854,0.026980,0.889991,0.533333,0.560000,0.312500
Mixed Target,0.519506,-18.820000,0.406285,0.850000,0.415000,0.895438,0.474245,0.062250,0.780000,0.600000,0.360000,0.100000,0.780000,0.064000,0.619200,0.334161,0.314780,0.291033,0.257589,0.214449,0.159310,0.102865,0.057500,0.216461,0.276662,2.381647,0.438816,0.311402,0.557191,0.967255,0.211796,0.726502,0.009005,0.010652,0.992459,0.533333,0.560000,0.312500
Iron,0.334727,-26.580000,0.354707,0.950000,0.350000,0.430307,0.531054,0.017500,0.860000,0.340000,0.280000,0.080000,0.880000,0.066000,0.605600,0.225127,0.208465,0.192229,0.165217,0.138764,0.097832,0.058130,0.029992,0.139470,0.195135,2.398213,0.276177,0.926571,0.947700,0.000000,0.125184,0.308539,0.010000,0.010000,0.989630,0.533333,0.560000,0.312500
Brass,0.155199,37.980000,0.752332,0.030000,0.780000,1.011141,0.128142,0.756600,0.300000,0.320000,0.380000,0.060000,0.250000,0.030000,0.263800,0.083677,0.081390,0.077830,0.073462,0.066985,0.056682,0.044954,0.032349,0.064666,0.051328,1.162269,0.198972,0.914873,0.878705,0.000000,0.062938,0.498491,0.010000,0.010000,0.841288,0.533333,0.560000,0.312500
Steel,0.088590,-9.940000,0.414841,0.750000,0.480000,1.715546,0.046248,0.120000,0.860000,0.340000,0.280000,0.080000,0.880000,0.066000,0.605600,0.054018,0.054057,0.049397,0.042562,0.038437,0.026667,0.020524,0.009639,0.036912,0.044380,1.194515,0.073094,0.546370,0.531884,0.000000,0.021695,0.268981,0.010000,0.010000,0.889971,0.533333,0.560000,0.312500
Mixed Target,0.519532,34.060000,0.585604,0.050000,0.650000,0.812126,0.513307,0.617500,0.780000,0.600000,0.360000,0.100000,0.780000,0.064000,0.619200,0.296553,0.286465,0.272350,0.251464,0.222328,0.181431,0.133715,0.087467,0.216472,0.209086,1.790920,0.331998,0.520779,0.622661,0.591540,0.211728,0.391852,0.024237,0.027169,0.680187,0.533333,0.560000,0.312500
Unknown,0.010831,47.842808,0.430111,0.228924,0.073870,1.386747,0.006826,0.056960,0.780000,0.600000,0.360000,0.100000,0.780000,0.064000,0.619200,0.006632,0.006619,0.005894,0.004773,0.005333,0.003145,0.002448,0.001258,0.004513,0.005374,0.233903,0.007276,0.857713,0.233469,0.569574,0.000000,0.218661,0.033837,0.011211,0.915544,0.533333,0.560000,0.312500
Steel,0.024811,-13.860000,0.426928,0.750000,0.480000,0.989829,0.020852,0.120000,0.300000,0.320000,0.380000,0.060000,0.250000,0.030000,0.263800,0.015857,0.014890,0.013768,0.012350,0.010015,0.007559,0.005294,0.002971,0.010338,0.012886,0.490112,0.031809,0.868475,0.588694,0.000000,0.008748,0.461970,0.010000,0.010000,0.854817,0.533333,0.560000,0.312500
Aluminum,0.089334,30.560000,0.596470,0.050000,0.650000,0.970955,0.076291,0.617500,0.280000,0.820000,0.700000,0.780000,0.200000,0.060000,0.551600,0.050660,0.049175,0.046397,0.043545,0.038681,0.030815,0.023229,0.015278,0.037222,0.035382,1.013230,0.078363,0.637293,0.606555,0.000000,0.033290,0.353077,0.010000,0.010000,0.984547,0.533333,0.560000,0.312500
Aluminum,0.136686,31.750000,0.578168,0.050000,0.650000,0.821782,0.133772,0.617500,0.450000,0.750000,0.820000,0.100000,0.350000,0.052000,0.463800,0.078115,0.075467,0.071530,0.066037,0.058621,0.047714,0.035457,0.022681,0.056953,0.055434,1.244735,0.130925,0.680103,0.514101,0.000000,0.053745,0.549404,0.010000,0.010000,0.972350,0.533333,0.560000,0.312500
Steel,0.298394,-12.810000,0.438344,0.750000,0.480000,0.364403,0.528689,0.120000,0.450000,0.750000,0.820000,0.100000,0.350000,0.052000,0.463800,0.187256,0.177404,0.164492,0.147082,0.124228,0.094309,0.063227,0.036647,0.124331,0.150609,1.965775,0.285818,0.928336,0.830096,0.000000,0.121111,0.256596,0.010000,0.010000,0.733767,0.533333,0.560000,0.312500
Aluminum,0.102277,29.440000,0.583264,0.050000,0.650000,1.282115,0.069008,0.617500,0.120000,0.120000,0.180000,0.030000,0.100000,0.018000,0.119400,0.058686,0.056177,0.053689,0.049313,0.043999,0.035707,0.026129,0.017225,0.042616,0.041461,1.094070,0.160813,0.709827,0.927184,0.000000,0.041899,0.378751,0.010000,0.010000,0.736087,0.533333,0.560000,0.312500
Aluminum,0.042197,34.620000,0.500662,0.050000,0.650000,1.735257,0.021805,0.617500,0.860000,0.340000,0.280000,0.080000,0.880000,0.066000,0.605600,0.026439,0.026651,0.023002,0.019357,0.018512,0.012168,0.008190,0.006339,0.017582,0.020100,0.748224,0.034816,0.976659,0.593986,0.000000,0.003325,0.328132,0.010000,0.010000,0.914257,0.533333,0.560000,0.312500
Iron,0.050986,-30.640000,0.372523,0.950000,0.350000,1.917037,0.024084,0.017500,0.280000,0.820000,0.700000,0.780000,0.200000,0.060000,0.551600,0.034690,0.031703,0.027935,0.025755,0.020584,0.014824,0.009374,0.005089,0.021244,0.029601,0.904498,0.044725,0.794728,0.499196,0.000000,0.017378,0.283273,0.010000,0.010000,0.711403,0.533333,0.560000,0.312500
Ground Noise,0.001958,26.478587,0.529255,0.079000,0.085500,0.279372,0.004083,0.078745,0.120000,0.120000,0.180000,0.030000,0.100000,0.018000,0.119400,0.001358,0.001241,0.001065,0.000791,0.000723,0.000615,0.000381,0.000352,0.000816,0.001006,0.047978,0.002128,0.769426,0.724963,0.000000,0.000000,0.665027,0.014246,0.029428,0.635891,0.533333,0.560000,0.312500
Iron,0.017251,-30.500000,0.330453,0.950000,0.350000,1.584201,0.009669,0.017500,0.300000,0.320000,0.380000,0.060000,0.250000,0.030000,0.263800,0.011567,0.010649,0.010251,0.008603,0.007086,0.004972,0.003046,0.001329,0.007188,0.010238,0.384928,0.022116,0.557522,0.956800,0.000000,0.005537,0.239702,0.010000,0.010000,0.863430,0.533333,0.560000,0.312500
Steel,0.349779,-10.500000,0.435487,0.750000,0.480000,0.215729,0.841365,0.120000,0.780000,0.600000,0.360000,0.100000,0.780000,0.064000,0.619200,0.219652,0.208841,0.193318,0.172215,0.146001,0.110734,0.072641,0.042530,0.145741,0.177122,2.066475,0.294427,0.455111,0.897506,0.000000,0.141264,0.498672,0.010000,0.010000,0.748417,0.533333,0.560000,0.312500
Copper,0.017662,48.920000,0.702226,0.020000,1.000000,1.933207,0.008280,0.980000,0.280000,0.820000,0.700000,0.780000,0.200000,0.060000,0.551600,0.009423,0.009812,0.008255,0.008402,0.007978,0.006506,0.005093,0.003404,0.007359,0.006019,0.305435,0.015493,0.956282,0.547455,0.000000,0.003409,0.488071,0.010000,0.010000,0.714545,0.533333,0.560000,0.312500
Brass,0.388335,41.900000,0.728042,0.030000,0.780000,0.197922,0.975906,0.756600,0.860000,0.340000,0.280000,0.080000,0.880000,0.066000,0.605600,0.212630,0.207615,0.196067,0.182476,0.162535,0.142707,0.110782,0.079636,0.161806,0.132994,1.510107,0.320408,0.809100,0.882151,0.000000,0.147549,0.254810,0.010000,0.010000,0.872377,0.533333,0.560000,0.312500
Steel,0.097431,-15.120000,0.433717,0.750000,0.480000,0.624666,0.118146,0.120000,0.120000,0.120000,0.180000,0.030000,0.100000,0.018000,0.119400,0.061227,0.058143,0.053766,0.048164,0.040579,0.030561,0.020555,0.011776,0.040596,0.049451,1.255592,0.153193,0.816549,0.569787,0.000000,0.039821,0.428953,0.010000,0.010000,0.852455,0.533333,0.560000,0.312500
Unknown,0.007504,37.613134,0.399573,0.114711,0.554671,1.564516,0.004253,0.491044,0.450000,0.750000,0.820000,0.100000,0.350000,0.052000,0.463800,0.004567,0.004663,0.004137,0.003943,0.003299,0.002321,0.001322,0.000763,0.003127,0.003804,0.168333,0.005479,0.435060,0.266710,0.458528,0.000000,0.489208,0.027027,0.020099,0.982880,0.533333,0.560000,0.312500
Mixed Target,0.429807,40.930000,0.694001,0.035000,0.825000,1.045580,0.345066,0.796125,0.450000,0.750000,0.820000,0.100000,0.350000,0.052000,0.463800,0.236339,0.228879,0.218171,0.205146,0.185080,0.154952,0.119772,0.084353,0.179086,0.151986,1.574350,0.276851,0.408090,0.799788,0.954394,0.176013,0.274566,0.032981,0.029393,0.837520,0.533333,0.560000,0.312500
Iron,0.145747,-26.580000,0.357957,0.950000,0.350000,0.999961,0.121460,0.017500,0.860000,0.340000,0.280000,0.080000,0.880000,0.066000,0.605600,0.097546,0.092850,0.083154,0.072269,0.060484,0.039266,0.027017,0.013235,0.060728,0.084311,1.770337,0.120253,0.931797,0.727597,0.000000,0.046505,0.252441,0.010000,0.010000,0.900566,0.533333,0.560000,0.312500
Steel,0.126637,-13.860000,0.434404,0.750000,0.480000,1.249584,0.087361,0.120000,0.300000,0.320000,0.380000,0.060000,0.250000,0.030000,0.263800,0.079578,0.075443,0.069926,0.062588,0.052828,0.039794,0.026621,0.015345,0.052766,0.064233,1.434968,0.162355,0.645995,0.934226,0.000000,0.051131,0.239801,0.010000,0.010000,0.703764,0.533333,0.560000,0.312500
Aluminum,0.018195,30.700000,0.527015,0.050000,0.650000,1.179311,0.013191,0.617500,0.300000,0.320000,0.380000,0.060000,0.250000,0.030000,0.263800,0.010933,0.010618,0.009654,0.008913,0.007398,0.006143,0.004175,0.002815,0.007581,0.008118,0.354067,0.023326,0.704409,0.744782,0.000000,0.006022,0.491660,0.010000,0.010000,0.769998,0.533333,0.560000,0.312500
Aluminum,0.314514,29.440000,0.593051,0.050000,0.650000,0.357787,0.563861,0.617500,0.120000,0.120000,0.180000,0.030000,0.100000,0.018000,0.119400,0.179108,0.172954,0.164101,0.151849,0.135054,0.110235,0.081436,0.053643,0.131048,0.125465,1.611424,0.494520,0.815590,0.657634,0.000000,0.130321,0.383899,0.010000,0.010000,0.969856,0.533333,0.560000,0.312500
Ground Noise,0.008017,11.047116,0.617503,0.290000,0.512500,0.291052,0.016326,0.363875,0.450000,0.750000,0.820000,0.100000,0.350000,0.052000,0.463800,0.004481,0.005061,0.003986,0.003814,0.003352,0.002976,0.001644,0.001408,0.003340,0.003073,0.166951,0.006392,0.447566,0.658992,0.000000,0.000000,0.430333,0.024049,0.013466,0.623193,0.533333,0.560000,0.312500
Unknown,0.011758,-33.688788,0.484524,0.328785,0.245182,2.138361,0.005028,0.164570,0.780000,0.600000,0.360000,0.100000,0.780000,0.064000,0.619200,0.007357,0.006605,0.006222,0.006537,0.005019,0.003268,0.002503,0.001682,0.004899,0.005675,0.244801,0.009119,0.763525,0.860101,0.625050,0.000000,0.401791,0.011381,0.017070,0.685869,0.533333,0.560000,0.312500
Brass,0.046505,39.030000,0.733811,0.030000,0.780000,1.654751,0.025073,0.756600,0.450000,0.750000,0.820000,0.100000,0.350000,0.052000,0.463800,0.025119,0.024564,0.023780,0.022475,0.019707,0.016867,0.013023,0.009481,0.019377,0.015638,0.642326,0.044545,0.850417,0.708950,0.000000,0.016155,0.257569,0.010000,0.010000,0.745769,0.533333,0.560000,0.312500
Copper,0.073622,52.420000,0.792764,0.020000,1.000000,1.481224,0.043791,0.980000,0.780000,0.600000,0.360000,0.100000,0.780000,0.064000,0.619200,0.040017,0.037810,0.036252,0.033934,0.031813,0.027371,0.021971,0.016239,0.030676,0.023778,0.811487,0.061971,0.703582,0.508197,0.000000,0.025997,0.362549,0.010000,0.010000,0.994642,0.533333,0.560000,0.312500
Steel,0.075934,-15.120000,0.434587,0.750000,0.480000,0.341977,0.140106,0.120000,0.120000,0.120000,0.180000,0.030000,0.100000,0.018000,0.119400,0.048017,0.045027,0.041830,0.037531,0.031723,0.023892,0.015829,0.009266,0.031639,0.038751,1.087806,0.119394,0.553037,0.751176,0.000000,0.030936,0.473358,0.010000,0.010000,0.943380,0.533333,0.560000,0.312500
Aluminum,0.131249,34.620000,0.542165,0.050000,0.650000,1.280403,0.088658,0.617500,0.860000,0.340000,0.280000,0.080000,0.880000,0.066000,0.605600,0.079529,0.074435,0.067286,0.061833,0.056574,0.044816,0.031753,0.021271,0.054687,0.058258,1.280091,0.108291,0.593082,0.519556,0.000000,0.041059,0.321077,0.010000,0.010000,0.818629,0.533333,0.560000,0.312500
Ground Noise,0.010507,-2.992909,0.381985,0.546000,0.415000,0.256163,0.023033,0.188410,0.780000,0.600000,0.360000,0.100000,0.780000,0.064000,0.619200,0.007111,0.006058,0.004991,0.005880,0.004417,0.003651,0.001819,0.001094,0.004378,0.006017,0.222655,0.008443,0.719552,0.533322,0.000000,0.000000,0.251387,0.015627,0.009075,0.717649,0.533333,0.560000,0.312500
Iron,0.044091,-30.640000,0.404492,0.950000,0.350000,1.654138,0.023780,0.017500,0.280000,0.820000,0.700000,0.780000,0.200000,0.060000,0.551600,0.028314,0.027397,0.025181,0.021894,0.018062,0.013026,0.008261,0.004834,0.018371,0.023480,0.799957,0.038676,0.644938,0.975524,0.000000,0.014594,0.395049,0.010000,0.010000,0.822498,0.533333,0.560000,0.312500
Mixed Target,0.262239,39.740000,0.747671,0.035000,0.825000,1.349829,0.169205,0.796125,0.280000,0.820000,0.700000,0.780000,0.200000,0.060000,0.551600,0.141638,0.137192,0.132867,0.124234,0.112723,0.095665,0.075377,0.054433,0.109266,0.087205,1.370155,0.191773,0.764143,0.911711,0.771819,0.105409,0.690223,0.009332,0.029622,0.828212,0.533333,0.560000,0.312500
Mixed Target,0.807730,7.100000,0.646831,0.490000,0.565000,0.709137,0.888458,0.288150,0.780000,0.600000,0.360000,0.100000,0.780000,0.064000,0.619200,0.455042,0.439049,0.417048,0.385890,0.343424,0.284946,0.216379,0.150656,0.336554,0.304386,1.803540,0.520998,0.397411,0.624595,0.588296,0.332233,0.223761,0.020962,0.029234,0.654156,0.533333,0.560000,0.312500
Brass,0.355112,36.720000,0.775387,0.030000,0.780000,0.600561,0.443580,0.756600,0.120000,0.120000,0.180000,0.030000,0.100000,0.018000,0.119400,0.189878,0.185030,0.177597,0.167564,0.153087,0.130937,0.104106,0.075510,0.147963,0.114368,1.433020,0.558353,0.726398,0.863453,0.000000,0.147197,0.241305,0.010000,0.010000,0.941531,0.533333,0.560000,0.312500
Ground Noise,0.001697,-7.858353,0.270449,0.079000,0.085500,0.294639,0.003430,0.078745,0.120000,0.120000,0.180000,0.030000,0.100000,0.018000,0.119400,0.001407,0.001270,0.001094,0.001006,0.000440,0.000303,0.000039,0.000098,0.000707,0.001309,0.049980,0.002052,0.269504,0.450653,0.000000,0.000000,0.218148,0.026581,0.009333,0.927162,0.533333,0.560000,0.312500
Steel,0.103139,-9.940000,0.447249,0.750000,0.480000,0.465745,0.154922,0.120000,0.860000,0.340000,0.280000,0.080000,0.880000,0.066000,0.605600,0.067035,0.061265,0.057525,0.049570,0.040907,0.034252,0.019689,0.013552,0.042974,0.053483,1.304100,0.085098,0.917665,0.770627,0.000000,0.027729,0.453063,0.010000,0.010000,0.767971,0.533333,0.560000,0.312500
Steel,0.293591,-12.810000,0.436646,0.750000,0.480000,0.117610,0.924375,0.120000,0.450000,0.750000,0.820000,0.100000,0.350000,0.052000,0.463800,0.183958,0.174422,0.162615,0.144897,0.122479,0.092742,0.061750,0.035774,0.122329,0.148184,1.964046,0.281217,0.638681,0.529918,0.000000,0.119085,0.514622,0.010000,0.010000,0.933620,0.533333,0.560000,0.312500
Brass,0.669150,36.720000,0.778328,0.030000,0.780000,0.129039,2.033654,0.756600,0.120000,0.120000,0.180000,0.030000,0.100000,0.018000,0.119400,0.357478,0.348035,0.334650,0.315887,0.288441,0.247161,0.196195,0.142656,0.278813,0.214822,1.573590,1.000000,0.933412,0.647979,0.000000,0.278014,0.463826,0.010000,0.010000,0.917078,0.533333,0.560000,0.312500
Iron,0.008672,-31.760000,0.342837,0.950000,0.350000,1.856969,0.004216,0.017500,0.120000,0.120000,0.180000,0.030000,0.100000,0.018000,0.119400,0.006018,0.005749,0.005052,0.004147,0.003374,0.002434,0.001386,0.000748,0.003613,0.005270,0.211377,0.013636,0.526554,0.979706,0.000000,0.002885,0.450209,0.010000,0.010000,0.738397,0.533333,0.560000,0.312500
Iron,0.192161,-30.640000,0.361740,0.950000,0.350000,0.561932,0.252202,0.017500,0.280000,0.820000,0.700000,0.780000,0.200000,0.060000,0.551600,0.128817,0.120097,0.110238,0.095962,0.078091,0.055597,0.033886,0.017847,0.080067,0.110970,1.969781,0.168562,0.592357,0.957084,0.000000,0.076131,0.284491,0.010000,0.010000,0.827733,0.533333,0.560000,0.312500
Iron,0.343883,-29.450000,0.351075,0.950000,0.350000,0.150494,0.981140,0.017500,0.450000,0.750000,0.820000,0.100000,0.350000,0.052000,0.463800,0.231949,0.217597,0.197556,0.171959,0.139119,0.098082,0.059753,0.030263,0.143285,0.201686,2.459554,0.329390,0.971110,0.929343,0.000000,0.139962,0.394176,0.010000,0.010000,0.814849,0.533333,0.560000,0.312500
Brass,0.022464,39.030000,0.626168,0.030000,0.780000,1.620373,0.012340,0.756600,0.450000,0.750000,0.820000,0.100000,0.350000,0.052000,0.463800,0.012522,0.012370,0.011454,0.011030,0.009322,0.008037,0.006149,0.003997,0.009360,0.008525,0.390050,0.021518,0.830500,0.635986,0.000000,0.005903,0.225892,0.010000,0.010000,0.768562,0.533333,0.560000,0.312500
Ground Noise,0.034286,31.900946,0.381324,0.607000,0.241000,0.290031,0.069966,0.094713,0.860000,0.340000,0.280000,0.080000,0.880000,0.066000,0.605600,0.021166,0.022766,0.017600,0.015086,0.014309,0.012709,0.007406,0.003246,0.014286,0.017920,0.625574,0.019881,0.631625,0.957644,0.000000,0.000000,0.572776,0.043593,0.019119,0.677561,0.533333,0.560000,0.312500
Unknown,0.036782,17.982799,0.343530,0.897874,0.923909,1.898388,0.017529,0.094355,0.860000,0.340000,0.280000,0.080000,0.880000,0.066000,0.605600,0.024183,0.023771,0.018697,0.017783,0.016229,0.011154,0.007771,0.003017,0.015326,0.021166,0.687533,0.029200,0.758612,0.972344,0.525604,0.000000,0.297505,0.006017,0.017954,0.629977,0.533333,0.560000,0.312500
Iron,0.020807,-30.500000,0.360161,0.950000,0.350000,1.328831,0.013610,0.017500,0.300000,0.320000,0.380000,0.060000,0.250000,0.030000,0.263800,0.014022,0.013090,0.012370,0.010357,0.008186,0.005889,0.003518,0.001926,0.008670,0.012096,0.457325,0.026676,0.603410,0.805377,0.000000,0.007030,0.279898,0.010000,0.010000,0.727725,0.533333,0.560000,0.312500
Unknown,0.032750,14.107258,0.394150,0.513328,0.980228,0.204776,0.080908,0.477050,0.860000,0.340000,0.280000,0.080000,0.880000,0.066000,0.605600,0.020754,0.019109,0.019063,0.016777,0.015406,0.008229,0.006446,0.003383,0.013646,0.017371,0.633221,0.020896,0.996806,0.971709,0.262027,0.000000,0.687690,0.029059,0.020545,0.610610,0.533333,0.560000,0.312500
Mixed Target,0.516026,12.640000,0.756978,0.485000,0.675000,1.058271,0.410107,0.347625,0.780000,0.600000,0.360000,0.100000,0.780000,0.064000,0.619200,0.280763,0.273094,0.259946,0.243243,0.219951,0.186220,0.147695,0.109176,0.215011,0.171586,1.570771,0.429502,0.591863,0.203116,0.850673,0.210259,0.687135,0.006518,0.014603,0.805876,0.533333,0.560000,0.312500
Steel,0.160726,-12.810000,0.435891,0.750000,0.480000,0.930219,0.142208,0.120000,0.450000,0.750000,0.820000,0.100000,0.350000,0.052000,0.463800,0.100792,0.095843,0.088498,0.079065,0.067077,0.050835,0.034097,0.019545,0.066969,0.081247,1.588683,0.153952,0.802303,0.932556,0.000000,0.063755,0.295075,0.010000,0.010000,0.777756,0.533333,0.560000,0.312500
Copper,0.144880,50.110000,0.892897,0.020000,1.000000,0.229174,0.337578,0.980000,0.450000,0.750000,0.820000,0.100000,0.350000,0.052000,0.463800,0.075996,0.073602,0.070797,0.067229,0.062134,0.054447,0.044606,0.034121,0.060366,0.041875,1.058707,0.138774,0.636379,0.685900,0.000000,0.057289,0.468116,0.010000,0.010000,0.807832,0.533333,0.560000,0.312500
Mixed Target,0.445272,3.460000,0.398268,0.500000,0.500000,0.962675,0.382972,0.250000,0.780000,0.600000,0.360000,0.100000,0.780000,0.064000,0.619200,0.288438,0.272402,0.249589,0.220633,0.183836,0.135087,0.086351,0.047904,0.185530,0.240533,2.353556,0.295183,0.970791,0.996211,0.824497,0.180991,0.593962,0.023578,0.023127,0.927661,0.533333,0.560000,0.312500
Mixed Target,0.910346,0.100000,0.482294,0.500000,0.500000,0.578756,1.168975,0.250000,0.300000,0.320000,0.380000,0.060000,0.250000,0.030000,0.263800,0.554942,0.529202,0.493747,0.446240,0.382556,0.296441,0.205348,0.126011,0.379311,0.428931,2.245148,0.800875,0.946652,0.851781,0.719687,0.377702,0.333221,0.037687,0.012037,0.676945,0.533333,0.560000,0.312500
Brass,0.257699,36.720000,0.772008,0.030000,0.780000,0.089623,0.889772,0.756600,0.120000,0.120000,0.180000,0.030000,0.100000,0.018000,0.119400,0.137954,0.134493,0.129102,0.121587,0.111081,0.094893,0.075246,0.054640,0.107374,0.083314,1.339484,0.405186,0.472172,0.899953,0.000000,0.106638,0.539795,0.010000,0.010000,0.738488,0.533333,0.560000,0.312500
Steel,0.015045,-12.810000,0.424521,0.750000,0.480000,1.748754,0.007720,0.120000,0.450000,0.750000,0.820000,0.100000,0.350000,0.052000,0.463800,0.009800,0.008759,0.008488,0.007195,0.006176,0.004941,0.002972,0.001819,0.006269,0.007981,0.319205,0.014411,0.778536,0.795180,0.000000,0.003091,0.372552,0.010000,0.010000,0.909628,0.533333,0.560000,0.312500
Aluminum,0.215603,31.750000,0.584910,0.050000,0.650000,0.145382,0.624243,0.617500,0.450000,0.750000,0.820000,0.100000,0.350000,0.052000,0.463800,0.122798,0.118416,0.112710,0.104773,0.092774,0.075288,0.055751,0.036166,0.089834,0.086632,1.461257,0.206516,0.823901,0.771393,0.000000,0.086729,0.410055,0.010000,0.010000,0.807479,0.533333,0.560000,0.312500
Aluminum,0.038701,31.750000,0.575623,0.050000,0.650000,1.730826,0.020044,0.617500,0.450000,0.750000,0.820000,0.100000,0.350000,0.052000,0.463800,0.022895,0.021618,0.019994,0.018056,0.016638,0.013374,0.009817,0.006611,0.016125,0.016284,0.615512,0.037070,0.509573,0.491933,0.000000,0.013038,0.288196,0.010000,0.010000,0.888239,0.533333,0.560000,0.312500
Copper,0.407218,50.110000,0.937353,0.020000,1.000000,0.428026,0.648408,0.980000,0.450000,0.750000,0.820000,0.100000,0.350000,0.052000,0.463800,0.210029,0.205017,0.198839,0.189213,0.175101,0.154204,0.127037,0.097950,0.169674,0.112079,1.351601,0.390055,0.556970,0.938646,0.000000,0.166418,0.405494,0.010000,0.010000,0.893064,0.533333,0.560000,0.312500
Brass,0.036998,37.840000,0.743459,0.030000,0.780000,1.280557,0.024989,0.756600,0.280000,0.820000,0.700000,0.780000,0.200000,0.060000,0.551600,0.019814,0.020123,0.018607,0.017523,0.015902,0.013378,0.010404,0.007574,0.015416,0.012241,0.550467,0.032454,0.679315,0.496547,0.000000,0.011393,0.386137,0.010000,0.010000,0.804311,0.533333,0.560000,0.312500
Unknown,0.009431,41.846318,0.574609,0.493800,0.143630,0.229485,0.021958,0.072705,0.280000,0.820000,0.700000,0.780000,0.200000,0.060000,0.551600,0.005498,0.005612,0.004577,0.004235,0.004276,0.002951,0.002702,0.001584,0.003929,0.003914,0.190746,0.006445,0.557305,0.829555,0.521646,0.000000,0.630776,0.037567,0.009376,0.768200,0.533333,0.560000,0.312500
Brass,0.101107,39.030000,0.745623,0.030000,0.780000,0.402968,0.167682,0.756600,0.450000,0.750000,0.820000,0.100000,0.350000,0.052000,0.463800,0.054373,0.053299,0.051110,0.048310,0.043212,0.036871,0.029007,0.020841,0.042128,0.033531,0.981837,0.096846,0.927023,0.495684,0.000000,0.039012,0.358656,0.010000,0.010000,0.748397,0.533333,0.560000,0.312500
Iron,0.229844,-30.640000,0.358284,0.950000,0.350000,0.399412,0.383449,0.017500,0.280000,0.820000,0.700000,0.780000,0.200000,0.060000,0.551600,0.153178,0.144177,0.131616,0.115310,0.093374,0.066765,0.040905,0.020821,0.095768,0.132357,2.108059,0.201617,0.972083,0.796764,0.000000,0.091924,0.236266,0.010000,0.010000,0.979462,0.533333,0.560000,0.312500
Copper,0.379197,52.420000,0.914982,0.020000,1.000000,0.455173,0.578773,0.980000,0.780000,0.600000,0.360000,0.100000,0.780000,0.064000,0.619200,0.196148,0.192581,0.185470,0.176229,0.163098,0.143118,0.117557,0.089786,0.157999,0.106362,1.349594,0.319189,0.869853,0.955449,0.000000,0.153151,0.257906,0.010000,0.010000,0.786989,0.533333,0.560000,0.312500
Mixed Target,0.723869,30.560000,0.596201,0.050000,0.650000,0.513867,1.014010,0.617500,0.280000,0.820000,0.700000,0.780000,0.200000,0.060000,0.551600,0.411197,0.398249,0.377686,0.349679,0.310769,0.253882,0.187492,0.123942,0.301612,0.287256,1.853980,0.531375,0.904553,0.653619,0.711987,0.297604,0.664361,0.010306,0.028215,0.609191,0.533333,0.560000,0.312500
Mixed Target,1.000000,47.440000,0.866490,0.025000,0.890000,0.658004,1.165496,0.867750,0.860000,0.340000,0.280000,0.080000,0.880000,0.066000,0.605600,0.528824,0.515103,0.497522,0.472394,0.435886,0.375285,0.307746,0.231710,0.420559,0.297114,1.557427,0.808065,0.592615,0.836687,0.678307,0.405936,0.626391,0.015517,0.006610,0.659172,0.533333,0.560000,0.312500
Unknown,0.001881,-14.494783,0.425368,0.089548,0.952720,0.835358,0.001817,0.867406,0.120000,0.120000,0.180000,0.030000,0.100000,0.018000,0.119400,0.001416,0.001455,0.001055,0.000947,0.000635,0.000440,0.000059,0.000264,0.000784,0.001153,0.051830,0.001856,0.769831,0.535301,0.583774,0.000000,0.782411,0.037826,0.013637,0.997535,0.533333,0.560000,0.312500
Iron,0.048219,-26.580000,0.439862,0.950000,0.350000,1.943876,0.022491,0.017500,0.860000,0.340000,0.280000,0.080000,0.880000,0.066000,0.605600,0.028210,0.029271,0.027834,0.025055,0.020302,0.016125,0.008378,0.005552,0.020091,0.022658,0.812097,0.039784,0.871842,0.924998,0.000000,0.005788,0.413612,0.010000,0.010000,0.806041,0.533333,0.560000,0.312500
Aluminum,0.045724,34.620000,0.499070,0.050000,0.650000,1.783477,0.023053,0.617500,0.860000,0.340000,0.280000,0.080000,0.880000,0.066000,0.605600,0.028394,0.024981,0.026504,0.021550,0.021816,0.012208,0.010184,0.006777,0.019052,0.021617,0.766822,0.037726,0.604081,0.838137,0.000000,0.004623,0.394512,0.010000,0.010000,0.738852,0.533333,0.560000,0.312500
Steel,0.052924,-14.000000,0.461148,0.750000,0.480000,1.596820,0.029454,0.120000,0.280000,0.820000,0.700000,0.780000,0.200000,0.060000,0.551600,0.032454,0.031273,0.029335,0.025787,0.022507,0.016763,0.011410,0.006885,0.022052,0.025569,0.845575,0.046425,0.593596,0.806798,0.000000,0.018319,0.345461,0.010000,0.010000,0.847145,0.533333,0.560000,0.312500
Aluminum,0.381484,30.560000,0.594302,0.050000,0.650000,0.242392,0.862321,0.617500,0.280000,0.820000,0.700000,0.780000,0.200000,0.060000,0.551600,0.216886,0.209382,0.198928,0.184480,0.164215,0.133921,0.098679,0.065123,0.158952,0.151763,1.677374,0.334635,0.682971,0.970980,0.000000,0.155130,0.254629,0.010000,0.010000,0.905726,0.533333,0.560000,0.312500
Ground Noise,0.001664,4.749405,0.360233,0.079000,0.085500,0.242872,0.003758,0.078745,0.120000,0.120000,0.180000,0.030000,0.100000,0.018000,0.119400,0.001280,0.001045,0.000947,0.000762,0.000498,0.000440,0.000400,0.000176,0.000694,0.001104,0.043047,0.002116,0.709814,0.451846,0.000000,0.000000,0.737025,0.023628,0.008909,0.953936,0.533333,0.560000,0.312500
Aluminum,0.014102,29.440000,0.525262,0.050000,0.650000,1.997822,0.006416,0.617500,0.120000,0.120000,0.180000,0.030000,0.100000,0.018000,0.119400,0.008262,0.007997,0.007484,0.006933,0.006023,0.004781,0.003408,0.002118,0.005876,0.006144,0.278330,0.022173,0.555431,0.979845,0.000000,0.005152,0.375149,0.010000,0.010000,0.886427,0.533333,0.560000,0.312500
Mixed Target,0.756700,-22.180000,0.414240,0.850000,0.415000,0.756872,0.790806,0.062250,0.300000,0.320000,0.380000,0.060000,0.250000,0.030000,0.263800,0.483265,0.457602,0.421896,0.374674,0.313278,0.233221,0.152382,0.086014,0.315291,0.397251,2.493083,0.573417,0.261235,0.853337,0.769694,0.313812,0.506245,0.046811,0.018159,0.758842,0.533333,0.560000,0.312500
Steel,0.260619,-13.860000,0.436862,0.750000,0.480000,0.996125,0.217886,0.120000,0.300000,0.320000,0.380000,0.060000,0.250000,0.030000,0.263800,0.162931,0.155577,0.144181,0.128781,0.108612,0.082109,0.054830,0.031711,0.108591,0.131220,1.898996,0.334127,0.454164,0.726192,0.000000,0.107030,0.321046,0.010000,0.010000,0.737407,0.533333,0.560000,0.312500
Brass,0.024511,39.030000,0.668237,0.030000,0.780000,1.780037,0.012379,0.756600,0.450000,0.750000,0.820000,0.100000,0.350000,0.052000,0.463800,0.014043,0.012875,0.012517,0.011542,0.010463,0.008697,0.006749,0.004817,0.010213,0.009226,0.413963,0.023478,0.550852,0.737954,0.000000,0.007047,0.348493,0.010000,0.010000,0.814465,0.533333,0.560000,0.312500
Unknown,0.001726,20.679678,0.278017,0.216727,0.969643,1.482055,0.001026,0.759496,0.120000,0.120000,0.180000,0.030000,0.100000,0.018000,0.119400,0.001309,0.001231,0.001026,0.001035,0.000615,0.000391,0.000147,0.000000,0.000719,0.001309,0.047200,0.001689,0.958754,0.460312,0.021595,0.000000,0.353949,0.040760,0.011399,0.605668,0.533333,0.560000,0.312500
Copper,0.099131,50.110000,0.880764,0.020000,1.000000,0.676465,0.113103,0.980000,0.450000,0.750000,0.820000,0.100000,0.350000,0.052000,0.463800,0.051803,0.050668,0.048319,0.045856,0.043034,0.037260,0.030494,0.023004,0.041305,0.028799,0.909700,0.094953,0.520808,0.678414,0.000000,0.038085,0.238119,0.010000,0.010000,0.983519,0.533333,0.560000,0.312500
Aluminum,0.292328,29.440000,0.594638,0.050000,0.650000,1.176000,0.212448,0.617500,0.120000,0.120000,0.180000,0.030000,0.100000,0.018000,0.119400,0.166225,0.160875,0.152503,0.141318,0.125292,0.102552,0.075717,0.049945,0.121803,0.116280,1.581734,0.459636,0.663784,0.775978,0.000000,0.121040,0.349093,0.010000,0.010000,0.723936,0.533333,0.560000,0.312500
Ground Noise,0.011069,14.970905,0.425460,0.546000,0.415000,0.237023,0.025328,0.188410,0.780000,0.600000,0.360000,0.100000,0.780000,0.064000,0.619200,0.006974,0.006701,0.006373,0.005306,0.004062,0.003241,0.002940,0.001299,0.004612,0.005675,0.243062,0.006393,0.626927,0.563026,0.000000,0.000000,0.451879,0.047013,0.018280,0.550561,0.533333,0.560000,0.312500
Copper,0.199276,52.980000,0.821681,0.020000,1.000000,0.772865,0.204834,0.980000,0.860000,0.340000,0.280000,0.080000,0.880000,0.066000,0.605600,0.105789,0.102372,0.100293,0.094476,0.085716,0.070924,0.060372,0.044313,0.083032,0.061476,1.230815,0.164419,0.773613,0.544131,0.000000,0.068420,0.301658,0.010000,0.010000,0.940905,0.533333,0.560000,0.312500
Brass,0.111128,41.340000,0.723879,0.030000,0.780000,0.295961,0.224066,0.756600,0.780000,0.600000,0.360000,0.100000,0.780000,0.064000,0.619200,0.061298,0.058597,0.056154,0.052346,0.047632,0.040417,0.031155,0.022829,0.046303,0.038469,1.039242,0.093542,0.724884,0.888450,0.000000,0.041438,0.394842,0.010000,0.010000,0.759325,0.533333,0.560000,0.312500
Copper,0.078340,47.800000,0.910066,0.020000,1.000000,1.471343,0.046872,0.980000,0.120000,0.120000,0.180000,0.030000,0.100000,0.018000,0.119400,0.040829,0.039465,0.038233,0.036527,0.033707,0.029455,0.024307,0.018611,0.032642,0.022219,0.804266,0.123176,0.990190,0.638421,0.000000,0.031893,0.233243,0.010000,0.010000,0.777097,0.533333,0.560000,0.312500
Brass,0.029538,36.720000,0.703931,0.030000,0.780000,1.714759,0.015426,0.756600,0.120000,0.120000,0.180000,0.030000,0.100000,0.018000,0.119400,0.016418,0.015511,0.014990,0.014029,0.012821,0.010562,0.008182,0.005946,0.012307,0.010473,0.470657,0.046443,0.901235,0.713335,0.000000,0.011604,0.310149,0.010000,0.010000,0.939656,0.533333,0.560000,0.312500
Mixed Target,0.420649,3.460000,0.486960,0.500000,0.500000,0.869350,0.393369,0.250000,0.780000,0.600000,0.360000,0.100000,0.780000,0.064000,0.619200,0.256328,0.244350,0.228665,0.206082,0.176765,0.136011,0.094925,0.059037,0.175270,0.197291,1.998350,0.234593,0.324080,0.713328,0.831993,0.170440,0.673158,0.048616,0.021809,0.757187,0.533333,0.560000,0.312500
Steel,0.030386,-14.000000,0.507934,0.750000,0.480000,1.926938,0.014286,0.120000,0.280000,0.820000,0.700000,0.780000,0.200000,0.060000,0.551600,0.018496,0.017698,0.016491,0.014358,0.012869,0.010000,0.006849,0.004526,0.012661,0.013970,0.546668,0.026655,0.820242,0.745594,0.000000,0.008761,0.278629,0.010000,0.010000,0.877661,0.533333,0.560000,0.312500
Copper,0.028631,52.420000,0.755246,0.020000,1.000000,0.976514,0.024336,0.980000,0.780000,0.600000,0.360000,0.100000,0.780000,0.064000,0.619200,0.015704,0.015972,0.014571,0.013052,0.011768,0.010164,0.008113,0.006093,0.011930,0.009611,0.465401,0.024100,0.882492,0.993051,0.000000,0.007041,0.381968,0.010000,0.010000,0.792057,0.533333,0.560000,0.312500
Unknown,0.010913,-5.934817,0.307107,0.681599,0.333413,0.439786,0.017057,0.106159,0.780000,0.600000,0.360000,0.100000,0.780000,0.064000,0.619200,0.007576,0.007084,0.006154,0.005757,0.004513,0.003200,0.001354,0.000738,0.004547,0.006838,0.259224,0.008077,0.278858,0.274109,0.577024,0.000000,0.581987,0.018807,0.014781,0.542405,0.533333,0.560000,0.312500
Brass,0.113788,41.900000,0.617490,0.030000,0.780000,1.232452,0.079436,0.756600,0.860000,0.340000,0.280000,0.080000,0.880000,0.066000,0.605600,0.063974,0.061032,0.058846,0.056780,0.048626,0.038937,0.031002,0.020097,0.047412,0.043877,1.114011,0.093885,0.745249,0.798530,0.000000,0.032275,0.249878,0.010000,0.010000,0.713775,0.533333,0.560000,0.312500
Ground Noise,0.001779,0.828787,0.412199,0.079000,0.085500,0.249635,0.003956,0.078745,0.120000,0.120000,0.180000,0.030000,0.100000,0.018000,0.119400,0.001328,0.001201,0.001172,0.001104,0.000625,0.000088,0.000176,0.000234,0.000741,0.001094,0.049035,0.002858,0.958694,0.453476,0.000000,0.000000,0.410266,0.012086,0.006772,0.914239,0.533333,0.560000,0.312500
Copper,0.347325,47.800000,0.951865,0.020000,1.000000,0.567070,0.452795,0.980000,0.120000,0.120000,0.180000,0.030000,0.100000,0.018000,0.119400,0.178442,0.174554,0.169169,0.161040,0.149430,0.131827,0.109096,0.084192,0.144719,0.094249,1.305032,0.546109,0.709129,0.740473,0.000000,0.143995,0.514949,0.010000,0.010000,0.992186,0.533333,0.560000,0.312500
Unknown,0.011319,-13.260967,0.538121,0.249136,0.193079,0.265584,0.024311,0.144976,0.780000,0.600000,0.360000,0.100000,0.780000,0.064000,0.619200,0.006920,0.006291,0.005935,0.005333,0.005197,0.003788,0.002434,0.001832,0.004716,0.005087,0.230514,0.008615,0.598518,0.842571,0.520355,0.000000,0.250951,0.016480,0.014007,0.873106,0.533333,0.560000,0.312500
Mixed Target,0.602888,47.440000,0.811791,0.025000,0.890000,0.986372,0.508178,0.867750,0.860000,0.340000,0.280000,0.080000,0.880000,0.066000,0.605600,0.318841,0.312819,0.298748,0.283977,0.259131,0.223831,0.180131,0.132148,0.251203,0.186693,1.522489,0.442312,0.428120,0.357301,0.958167,0.236821,0.723791,0.006582,0.026004,0.886837,0.533333,0.560000,0.312500
Ground Noise,0.037029,12.798982,0.555764,0.607000,0.241000,0.259961,0.080504,0.094713,0.860000,0.340000,0.280000,0.080000,0.880000,0.066000,0.605600,0.021349,0.020846,0.021166,0.019794,0.013714,0.013623,0.007040,0.005897,0.015429,0.015451,0.623868,0.021542,0.948355,0.588024,0.000000,0.000000,0.790487,0.039268,0.022974,0.566880,0.533333,0.560000,0.312500
Mixed Target,0.407573,41.900000,0.749864,0.030000,0.780000,1.236591,0.283708,0.756600,0.860000,0.340000,0.280000,0.080000,0.880000,0.066000,0.605600,0.219234,0.215383,0.206258,0.193516,0.174379,0.146557,0.118760,0.084490,0.169822,0.134744,1.508626,0.239176,0.377479,0.788601,0.694539,0.155193,0.329844,0.038738,0.022268,0.636202,0.533333,0.560000,0.312500
Unknown,0.009216,32.142929,0.598467,0.328332,0.342602,1.920038,0.004347,0.230115,0.280000,0.820000,0.700000,0.780000,0.200000,0.060000,0.551600,0.005198,0.004939,0.005405,0.004276,0.004090,0.002930,0.002309,0.001574,0.003840,0.003624,0.189964,0.006819,0.348719,0.493301,0.269882,0.000000,0.376359,0.027682,0.009946,0.627740,0.533333,0.560000,0.312500
Ground Noise,0.033778,33.457054,0.345447,0.607000,0.241000,0.179460,0.089017,0.094713,0.860000,0.340000,0.280000,0.080000,0.880000,0.066000,0.605600,0.023543,0.018789,0.017783,0.017417,0.014491,0.011566,0.006034,0.002971,0.014074,0.020571,0.628999,0.025598,0.286046,0.249193,0.000000,0.000000,0.754277,0.013251,0.015715,0.983156,0.533333,0.560000,0.312500
Unknown,0.007620,25.741941,0.468103,0.117538,0.417550,1.036028,0.006165,0.368472,0.450000,0.750000,0.820000,0.100000,0.350000,0.052000,0.463800,0.004653,0.004663,0.004169,0.003997,0.003137,0.002138,0.001633,0.001010,0.003175,0.003642,0.169021,0.006538,0.508759,0.641365,0.253895,0.000000,0.235810,0.018911,0.011221,0.560815,0.533333,0.560000,0.312500
Copper,0.143150,50.110000,0.904059,0.020000,1.000000,0.706401,0.157933,0.980000,0.450000,0.750000,0.820000,0.100000,0.350000,0.052000,0.463800,0.074217,0.072500,0.070416,0.066733,0.061384,0.053663,0.044601,0.033654,0.059646,0.040564,1.049374,0.137117,0.685660,0.591812,0.000000,0.056429,0.446848,0.010000,0.010000,0.866267,0.533333,0.560000,0.312500
Ground Noise,0.003581,30.733196,0.328892,0.197500,0.223000,0.238890,0.008159,0.178958,0.300000,0.320000,0.380000,0.060000,0.250000,0.030000,0.263800,0.002491,0.002002,0.002012,0.001827,0.001563,0.001299,0.000459,0.000283,0.001492,0.002208,0.084441,0.004083,0.353709,0.476402,0.000000,0.000000,0.509900,0.011310,0.016780,0.500722,0.533333,0.560000,0.312500
Brass,0.079160,41.900000,0.567014,0.030000,0.780000,1.108274,0.060507,0.756600,0.860000,0.340000,0.280000,0.080000,0.880000,0.066000,0.605600,0.047040,0.044714,0.041437,0.035786,0.033029,0.028049,0.020480,0.013330,0.032983,0.033710,0.973205,0.065313,0.667744,0.556151,0.000000,0.017823,0.437038,0.010000,0.010000,0.988189,0.533333,0.560000,0.312500
Unknown,0.009210,2.959278,0.691953,0.110821,0.559834,2.091930,0.004018,0.497793,0.280000,0.820000,0.700000,0.780000,0.200000,0.060000,0.551600,0.005063,0.005022,0.004525,0.004639,0.004380,0.003199,0.002071,0.001802,0.003837,0.003262,0.178010,0.007711,0.499696,0.344310,0.591400,0.000000,0.389940,0.015872,0.008665,0.543925,0.533333,0.560000,0.312500
Copper,0.227135,52.420000,0.902591,0.020000,1.000000,0.514394,0.317941,0.980000,0.780000,0.600000,0.360000,0.100000,0.780000,0.064000,0.619200,0.117549,0.114930,0.111490,0.105794,0.098178,0.085811,0.070132,0.053234,0.094640,0.064315,1.210405,0.191191,0.822290,0.841231,0.000000,0.089790,0.395582,0.010000,0.010000,0.852492,0.533333,0.560000,0.312500
Ground Noise,0.003716,-14.434064,0.299127,0.197500,0.223000,0.145822,0.010745,0.178958,0.300000,0.320000,0.380000,0.060000,0.250000,0.030000,0.263800,0.002559,0.002530,0.002159,0.001836,0.001397,0.001006,0.000664,0.000234,0.001548,0.002325,0.094245,0.004204,0.576370,0.266787,0.000000,0.000000,0.236031,0.009098,0.019559,0.913630,0.533333,0.560000,0.312500
Brass,0.130626,41.340000,0.734413,0.030000,0.780000,1.082598,0.101845,0.756600,0.780000,0.600000,0.360000,0.100000,0.780000,0.064000,0.619200,0.069966,0.068445,0.065824,0.062895,0.056725,0.047404,0.037734,0.026428,0.054428,0.043537,1.094703,0.109955,0.906669,0.722083,0.000000,0.049973,0.358176,0.010000,0.010000,0.850221,0.533333,0.560000,0.312500
Mixed Target,0.888449,3.740000,0.506072,0.490000,0.565000,0.471121,1.323829,0.288150,0.300000,0.320000,0.380000,0.060000,0.250000,0.030000,0.263800,0.538760,0.513453,0.479055,0.432608,0.371415,0.289887,0.205160,0.131161,0.370187,0.407598,2.183757,1.000000,0.474299,0.231481,0.904655,0.368547,0.532533,0.018852,0.007708,0.661185,0.533333,0.560000,0.312500
Iron,0.128232,-30.640000,0.361314,0.950000,0.350000,0.742628,0.136036,0.017500,0.280000,0.820000,0.700000,0.780000,0.200000,0.060000,0.551600,0.086052,0.079898,0.072791,0.064468,0.052064,0.037481,0.022791,0.011894,0.053430,0.074158,1.622244,0.112484,0.926730,0.594993,0.000000,0.049541,0.402163,0.010000,0.010000,0.780453,0.533333,0.560000,0.312500
Unknown,0.007640,-29.655463,0.554458,0.692949,0.881584,1.057883,0.006073,0.270691,0.450000,0.750000,0.820000,0.100000,0.350000,0.052000,0.463800,0.004760,0.004094,0.004094,0.004212,0.003202,0.002299,0.001494,0.001311,0.003183,0.003449,0.161634,0.004846,0.285840,0.926481,0.555245,0.000000,0.344617,0.039860,0.024500,0.573325,0.533333,0.560000,0.312500
Brass,0.085462,41.340000,0.701232,0.030000,0.780000,1.237680,0.059444,0.756600,0.780000,0.600000,0.360000,0.100000,0.780000,0.064000,0.619200,0.046402,0.045085,0.043907,0.041207,0.036424,0.030567,0.024543,0.016738,0.035609,0.029663,0.922002,0.071938,0.520410,0.784888,0.000000,0.031045,0.391618,0.010000,0.010000,0.802463,0.533333,0.560000,0.312500
Mixed Target,0.926939,8.020000,0.732266,0.485000,0.675000,0.857971,0.876147,0.347625,0.120000,0.120000,0.180000,0.030000,0.100000,0.018000,0.119400,0.509681,0.493105,0.469793,0.437600,0.393934,0.332166,0.261543,0.191975,0.386224,0.317706,1.710942,0.864379,0.846767,0.386670,0.650836,0.385391,0.794361,0.037762,0.018603,0.865517,0.533333,0.560000,0.312500
Steel,0.205098,-13.860000,0.435087,0.750000,0.480000,0.452849,0.314159,0.120000,0.300000,0.320000,0.380000,0.060000,0.250000,0.030000,0.263800,0.128965,0.122211,0.113090,0.101038,0.085785,0.064248,0.043392,0.024933,0.085458,0.104032,1.754880,0.262947,0.656210,0.693494,0.000000,0.083829,0.381819,0.010000,0.010000,0.996813,0.533333,0.560000,0.312500
Copper,0.107107,49.060000,0.911954,0.020000,1.000000,1.522026,0.062199,0.980000,0.300000,0.320000,0.380000,0.060000,0.250000,0.030000,0.263800,0.055586,0.054126,0.052461,0.050019,0.046038,0.040315,0.033101,0.025378,0.044628,0.030207,0.933124,0.137317,0.550224,0.835892,0.000000,0.042974,0.384579,0.010000,0.010000,0.888277,0.533333,0.560000,0.312500
Steel,0.042480,-14.000000,0.475442,0.750000,0.480000,1.474656,0.025366,0.120000,0.280000,0.820000,0.700000,0.780000,0.200000,0.060000,0.551600,0.025659,0.024485,0.023678,0.021011,0.018385,0.013465,0.009213,0.005703,0.017700,0.019955,0.714069,0.037263,0.805987,0.594118,0.000000,0.013848,0.513415,0.010000,0.010000,0.982215,0.533333,0.560000,0.312500
Iron,0.145787,-31.760000,0.349487,0.950000,0.350000,1.307103,0.096733,0.017500,0.120000,0.120000,0.180000,0.030000,0.100000,0.018000,0.119400,0.098306,0.092315,0.083939,0.072908,0.059104,0.041589,0.025087,0.012708,0.060744,0.085598,1.778434,0.229224,0.553783,0.860851,0.000000,0.060005,0.228071,0.010000,0.010000,0.881785,0.533333,0.560000,0.312500
Aluminum,0.037851,30.560000,0.572518,0.050000,0.650000,1.184905,0.027331,0.617500,0.280000,0.820000,0.700000,0.780000,0.200000,0.060000,0.551600,0.021422,0.019908,0.020115,0.018001,0.016687,0.013952,0.009941,0.006145,0.015771,0.015278,0.584983,0.033203,0.725517,0.708252,0.000000,0.011811,0.383446,0.010000,0.010000,0.821259,0.533333,0.560000,0.312500
Mixed Target,0.782181,8.420000,0.505200,0.400000,0.565000,0.670309,0.898740,0.339000,0.300000,0.320000,0.380000,0.060000,0.250000,0.030000,0.263800,0.468685,0.448568,0.420429,0.382162,0.330589,0.259997,0.183017,0.113824,0.325909,0.354861,2.117130,0.823137,0.559651,0.807109,0.929493,0.324294,0.517959,0.007152,0.027035,0.925277,0.533333,0.560000,0.312500
Iron,0.028005,-29.450000,0.379549,0.950000,0.350000,1.946719,0.013046,0.017500,0.450000,0.750000,0.820000,0.100000,0.350000,0.052000,0.463800,0.018541,0.017507,0.015594,0.013422,0.011750,0.008222,0.005496,0.002818,0.011669,0.015722,0.564171,0.026825,0.636311,0.470623,0.000000,0.008437,0.296458,0.010000,0.010000,0.736252,0.533333,0.560000,0.312500
Unknown,0.011385,0.989290,0.418469,0.146496,0.632235,0.252908,0.025137,0.539615,0.780000,0.600000,0.360000,0.100000,0.780000,0.064000,0.619200,0.007097,0.006646,0.006126,0.005689,0.004814,0.003925,0.002366,0.001285,0.004744,0.005812,0.240628,0.009220,0.581144,0.511988,0.433860,0.000000,0.734495,0.007953,0.015947,0.771766,0.533333,0.560000,0.312500
Copper,0.115635,52.980000,0.762251,0.020000,1.000000,1.168675,0.084487,0.980000,0.860000,0.340000,0.280000,0.080000,0.880000,0.066000,0.605600,0.062031,0.060074,0.058774,0.054183,0.047938,0.045372,0.032800,0.024279,0.048181,0.037752,1.019320,0.095409,0.722779,0.978744,0.000000,0.033221,0.315786,0.010000,0.010000,0.816361,0.533333,0.560000,0.312500
Brass,0.045181,37.840000,0.728098,0.030000,0.780000,1.323984,0.029647,0.756600,0.280000,0.820000,0.700000,0.780000,0.200000,0.060000,0.551600,0.024107,0.023583,0.022902,0.021772,0.019790,0.016509,0.012912,0.009029,0.018825,0.015077,0.622224,0.039633,0.691930,0.572533,0.000000,0.014970,0.436193,0.010000,0.010000,0.827881,0.533333,0.560000,0.312500
